{"         ": {"7": 1.127187842786114, "2": 1.2143920083109876, "0": 1.0999999999999992, "4": 1.1732504951600862, "8": 1.1999999999999993, "1": 1.2087486048505542, "3": 1.2015723425859326, "5": 1.179701152457196, "6": 1.1999999999999993}, "     XO  ": {"1": 0.37973024805309286, "0": 0.9864069366706192, "2": 0.8198217924666177}, "  OX X  O": {"3": 2.727634917682214, "0": 2.028622304615186}, "        O": {"0": 2.454931084305575, "1": 2.2894744230677966}, "     OX O": {"1": 3.9626769761497096, "3": 4.069139464312699}, "   O XOOX": {"4": 2.4409128710671735}, "    O   X": {"0": 1.0555707213189955, "1": 0.790674326793292, "2": 1.0516539132388223}, "    OOX X": {"3": 3.1378650426787074, "5": 2.7922292272871108, "2": 0.3970495875368558, "1": 2.6157758164195206, "0": 2.329049026812232}, "   OOXXOX": {"7": 3.272585888424541, "6": 0.9999999999999996, "5": 3.108987946834408, "2": 0.995608681884592}, "       O ": {"1": 2.9698968309869356, "0": 3.9962095434475526, "2": 4.387384359904142}, "   O X  O": {"3": 2.4761175051099023, "4": 3.712715463980156}, "   OOX XO": {"2": 0.3832744216706079}, "      O X": {"1": 0.9893299406873999, "4": 1.4179943391546597, "0": 1.5020964448396517, "2": 0.8057368732296952, "3": 0.8736962883690715}, "  O   OXX": {"4": 1.5337281290615743, "3": 1.6479239710311968}, "     OO X": {"4": 4.769107821217378}, "  O X OOX": {"1": 1.2846019790391068, "3": 1.6245397994592854}, "    X  O ": {"0": 1.767330990692287}, "    XOX O": {"1": 2.8232802164609856}, "  O O X X": {"3": 1.5502743055476251, "1": 1.6120420427558764, "0": 2.286701265770893}, "   O X O ": {"0": 2.0955364275765382}, "  XO X OO": {"3": 0.2578542235688407}, "     OX  ": {"0": 1.5849151216550894, "1": 1.2875086151176052}, "   O OX X": {"4": 4.999999999999997, "2": 4.9999993921718895}, "  O   O X": {"4": 5.820788395006747}, "       OX": {"0": 1.5664995023298842, "4": 1.8534571796985646, "2": 1.0988889198493552, "3": 1.23756225624745, "1": 1.8741177967392186}, "     OXOX": {"3": 0.9962946275509705, "4": 2.021787983239177, "1": 3.0755681730179565, "2": 3.12003606398513}, "  OO XXOX": {"4": 3.070758893259203, "2": 3.0917419027619144}, "      OOX": {"3": 2.941625414717394, "1": 1.992101614598906, "0": 2.306267219814963}, "  OO O XX": {"4": 4.999999999999997}, "  OOX OXX": {"5": 4.999999999999997, "3": 4.9999999999999964, "1": 4.999999999999997}, "  O   XO ": {"3": 2.76498065534029, "0": 3.1065006269520836, "1": 1.7820613082627275}, "  OX  XOO": {"4": 2.2287665861960226}, "     OXO ": {"0": 3.5605934825991037, "1": 1.426965514647496, "3": 3.4496908635595522}, "  XOO  OX": {"3": 2.6613471273869362}, "    OOXX ": {"3": 2.3392588778316346, "0": 2.4055200969862702, "1": 2.163755818333161}, "  OX OXO ": {"2": 0.40722662415484123, "4": 2.5590920413333076}, "   OXO  X": {"0": 1.6901088258822967, "2": 1.5600203767350318, "1": 4.177752502811563}, "  XOXOO X": {"3": 4.999999999999997, "1": 4.777486749126961}, "    O    ": {"0": 2.0384294983316424}, "  O O X  ": {"1": 3.0371537116139047}, "  O OOXX ": {"3": 2.4106475044438467}, "  O   X  ": {"0": 0.929621466251776, "2": 0.880841618699112, "1": 1.0637233316988863}, "  O OXXOX": {"5": 0.9999999999999996, "7": 0.9880386194307695, "3": 0.9872875165298853, "1": 0.935160561333338, "6": 0.9356379402157375}, "  O  OX  ": {"1": 1.5904522850444411}, "O O   X X": {"3": 0.24805791052554124, "1": 0.22098904397887528}, "O O OXX X": {"5": 1.0000000000002418, "3": 1.9344822031787916, "1": 0.9619525909820262}, "  OO  X X": {"3": 0.9729509711333802, "4": 4.537485226020233, "1": 0.9622929101582978, "2": 2.622431489642185}, "O OO XX X": {"4": 0.9999999999999996, "3": 2.857783913006906}, "      OXO": {"4": 2.529346113878707}, "    XOOXO": {"5": -0.43893685989438025, "3": 0.45959893730864976}, "    XOO X": {"0": 0.8755784985885213, "1": 2.1056921925704524, "2": 0.8592289736372974}, " O O O XX": {"4": 3.2900137819423816, "2": 0.2999999999999998}, "  XO   OX": {"4": 4.06352772869221, "3": 3.208278434126526, "1": 3.9109488629924662, "2": 3.6892876993049315}, "  O X O X": {"1": 1.371218478127334}, "   O O  X": {"1": 2.8160199561577333, "3": 4.232282142570151, "0": 1.299999999999999}, "  OO    X": {"1": 4.512039115200546, "3": 4.153710175123612}, " OOX  X O": {"3": 0.1, "1": 0.1}, "  O   X O": {"1": 3.961075783351734, "3": 3.98400476205455}, "  O   XOX": {"4": 0.6954488238035277, "3": 0.7529664631837727, "1": 3.273875562382416}, "  OOX XOX": {"1": 3.228735112539809, "5": 3.2665074340119498, "3": 3.022751775451442}, "       XO": {"1": 1.0993980554746472, "3": 0.9756330906683363, "4": 1.545358463800715}, "  XOXO OX": {"5": 4.999999999999997, "3": 4.999999999999997}, "  OXOOX  ": {"3": 2.4265065981568097}, "  XOO   X": {"3": 3.8399987710750185, "1": 3.9138724042204123, "0": 3.617417213255843}, "  O  OOXX": {"4": 1.8590491349542444}, "  OX  X O": {"3": 0.9253541606138063, "1": 0.9598709350599468}, "     O X ": {"0": 1.384477306888035, "1": 0.9780884724249109, "2": 0.8456349892655229}, "  O  OXX ": {"1": 3.610537225801788, "3": 3.6978889524779204, "0": 3.7007841102984367}, "    O O X": {"3": 4.839460757362093, "1": 3.8404587198712434}, "  OXO X O": {"1": 0.1, "3": 0.1}, "   OXOO X": {"2": 0.1, "1": 3.619671385192018}, "  OX X O ": {"0": 2.6655689884155325, "2": 1.0142252681736172}, " OXX XO O": {"5": 3.1305314259851738, "3": 2.8921679675250074, "2": 0.9330396406898681, "0": 0.7253301061706018}, " O O XO X": {"3": 0.2460285108123179, "1": 0.24615659139312368}, "  OOX   X": {"1": 0.811300907611543}, "  XOXXO O": {"3": 0.9999999999999996}, "   OOX OX": {"5": 1.5909404997770888, "2": -0.31690474905320304}, "  OX OX  ": {"3": 3.9474182728021576, "1": 3.5067042849919807, "0": 2.957803264067824}, "  OOX  OX": {"2": 0.6033680725812476, "1": 0.756760601951089}, "  OOO XX ": {"2": 0.36793461941939815, "5": -0.20301996111684784}, "  OOXXO X": {"3": 4.999999999999997, "1": 4.999999999999997}, "  OO OX X": {"4": 3.559023834126579}, "    OOX  ": {"1": 2.823619575216797}, "  XOOX O ": {"3": 2.005238490780015}, "   O X   ": {"0": 1.482813601231479, "2": 1.4016387331641253, "6": 1.5673823186741251}, "  XO X O ": {"3": 3.4897268701538184, "1": 3.4115477301063475, "0": 2.895094816249571}, "     O OX": {"4": 3.8384203396965173}, "  OOX XO ": {"2": 0.6282044244925751, "0": 0.6122863508457302}, "    O  OX": {"0": 3.367327863000085, "3": 2.6312892789244664, "1": 1.2624178062730447}, "  OOO X X": {"3": -0.19320102209756396}, "    XOXO ": {"0": 2.4901392255868373, "2": 2.1042451230688157, "1": 4.164347173644933}, "O O X O X": {"1": 0.1}, "  XO  XO ": {"1": 3.029368892643648, "2": 4.074575279842499, "0": 4.2441502710138455}, "  XO XXOO": {"3": 4.999998370902524}, "   O O XX": {"0": 1.1702554073668137, "4": 4.000445882977597, "2": 1.299999999999999}, " O O XXOX": {"4": 4.999999999999997, "2": 4.642871323659919}, "   X X OO": {"2": 3.0825007810210105, "0": 2.894190179323873}, "   OXO OX": {"0": 1.7262730560450734, "2": 2.3512014486353108}, "    O  X ": {"6": 0.9552290099802321, "0": 0.912931483304291, "2": 1.151807452180913}, "  O O XX ": {"0": 2.203756028331444, "3": 2.6258316846890057, "1": 2.6150165942954953}, "  OO OXX ": {"2": 0.2999999999999998, "4": 4.999999999999997}, "     XOOX": {"4": 4.399402980827515, "3": 3.785252673453617}, "   O XO  ": {"0": 2.949343486169686}, "  O OOX X": {"3": 1.7606383236234977}, "O O   OXX": {"4": 0.1}, "  OXO XOX": {"5": 1.0168683980569144, "3": 0.9996471502598073, "1": 0.9332398913699604}, "  O XOXOX": {"3": 2.941417866192087, "5": 2.986776075981891}, "  OOX X O": {"3": 0.42666537222982126, "1": 0.31904951907674395}, "   O X OX": {"4": 3.8313494364290337, "2": 0.9405545730290201, "0": 1.0064845156883568}, "  OO XO X": {"4": 0.1}, "  XO XO O": {"3": 0.1}, "  O   OX ": {"4": 5.465107982544758}, "  O XOOX ": {"2": 1.6120051301573675}, "  XO  X O": {"1": 2.341603964548651, "2": 1.6665426847243703, "0": 2.9453821822158144}, "  X  OXO ": {"1": 4.999999996511407, "0": 2.716578681093323, "2": 1.9597544207097193}, "  OO  XOX": {"4": 0.5137248408077821},